event_epoch,pre_epoch,feature,pre,post,diff,zscore,abs_z
200,0,env__err_abs_max_island0,0.6349954009056091,0.1422810554504394,-0.49271434545516973,-3.5616726162671264,3.5616726162671264
200,0,env__err_abs_max_island1,0.0,0.5770224928855896,0.5770224928855896,4.094784158858599,4.094784158858599
200,0,env__err_abs_mean_island0,0.2585973230464813,0.0308542782800239,-0.2277430447664574,-3.340172990702793,3.340172990702793
200,0,env__err_abs_mean_island1,0.0,0.0689217303818017,0.0689217303818017,4.071946881936554,4.071946881936554
200,0,env__err_abs_min_island0,0.0054346323013305,0.0,-0.0054346323013305,-3.3166247903554,3.3166247903554
200,0,env__err_abs_min_island1,0.0,0.0,0.0,,
200,0,env__err_abs_p10_island0,0.1026704788208008,0.0,-0.1026704788208008,-3.3166247903553994,3.3166247903553994
200,0,env__err_abs_p10_island1,0.0,0.0,0.0,,
200,0,env__err_abs_p25_island0,0.2113866209983825,0.0,-0.2113866209983825,-3.3166247903554,3.3166247903554
200,0,env__err_abs_p25_island1,0.0,0.0,0.0,,
200,0,env__err_abs_p50_island0,0.2762588858604431,0.0192232131958007,-0.2570356726646424,-3.361638331062008,3.361638331062008
200,0,env__err_abs_p50_island1,0.0,0.0400606989860534,0.0400606989860534,4.263603676108773,4.263603676108773
200,0,env__err_abs_p75_island0,0.324873611330986,0.0529633164405822,-0.2719102948904038,-3.317784150725273,3.317784150725273
200,0,env__err_abs_p75_island1,0.0,0.1083578765392303,0.1083578765392303,4.074196176966074,4.074196176966074
200,0,env__err_abs_p90_island0,0.3578719139099121,0.0826035261154174,-0.2752683877944947,-3.310900040921941,3.310900040921941
200,0,env__err_abs_p90_island1,0.0,0.1848955154418945,0.1848955154418945,3.886678934672073,3.886678934672073
200,0,env__err_abs_std_island0,0.098747113862195,0.0339865721800203,-0.0647605416821747,-3.3492634167650754,3.3492634167650754
200,0,env__err_abs_std_island1,0.0,0.0903272385148623,0.0903272385148623,3.8566872858477614,3.8566872858477614
200,0,env__err_signed_max_island0,0.6349954009056091,0.1324885487556457,-0.5025068521499634,-3.4016021509368484,3.4016021509368484
200,0,env__err_signed_max_island1,0.0,0.5770224928855896,0.5770224928855896,4.094784158858599,4.094784158858599
200,0,env__err_signed_mean_island0,-0.2317065822487322,0.0124702662752385,0.2441768485239707,3.43935162385715,3.43935162385715
200,0,env__err_signed_mean_island1,0.0,-0.0065776209474135,-0.0065776209474135,-0.9412860906653541,0.9412860906653541
200,0,env__err_signed_min_island0,-0.4436671137809753,-0.1422810554504394,0.3013860583305359,3.607972293270442,3.607972293270442
200,0,env__err_signed_min_island1,0.0,-0.3137094378471374,-0.3137094378471374,-2.9722951815365097,2.9722951815365097
200,0,env__err_signed_p10_island0,-0.3541429877281189,-0.0379506587982177,0.31619232892990123,3.4679334741745995,3.4679334741745995
200,0,env__err_signed_p10_island1,0.0,-0.1401988625526428,-0.1401988625526428,-3.6305438778029204,3.6305438778029204
200,0,env__err_signed_p25_island0,-0.3205115795135498,0.0,0.3205115795135498,3.5166909302722433,3.5166909302722433
200,0,env__err_signed_p25_island1,0.0,-0.0553771257400512,-0.0553771257400512,-3.335362876737247,3.335362876737247
200,0,env__err_signed_p50_island0,-0.2698037624359131,0.0,0.2698037624359131,3.3162714953424453,3.3162714953424453
200,0,env__err_signed_p50_island1,0.0,0.0,0.0,,
200,0,env__err_signed_p75_island0,-0.203702837228775,0.0363454818725585,0.2400483191013335,3.4348783901156508,3.4348783901156508
200,0,env__err_signed_p75_island1,0.0,0.0110864043235778,0.0110864043235778,1.086457791420194,1.086457791420194
200,0,env__err_signed_p90_island0,-0.0485546588897705,0.0756557941436767,0.12421045303344719,3.3450794002243773,3.3450794002243773
200,0,env__err_signed_p90_island1,0.0,0.0999371647834777,0.0999371647834777,3.288865478138468,3.288865478138468
200,0,env__err_signed_std_island0,0.1514451310723821,0.044176532636158,-0.1072685984362241,-3.3802572560665047,3.3802572560665047
200,0,env__err_signed_std_island1,0.0,0.1134281703952539,0.1134281703952539,3.9368146407907894,3.9368146407907894
200,0,env__plant_max_island0,1.0,1.0,0.0,,
200,0,env__plant_max_island1,0.0,1.0,1.0,3.3166247903554,3.3166247903554
200,0,env__plant_mean_island0,1.0,0.6877192982456141,-0.31228070175438594,-3.695671529279371,3.695671529279371
200,0,env__plant_mean_island1,0.0,0.6475770925110133,0.6475770925110133,3.545730465846239,3.545730465846239
200,0,env__plant_min_island0,1.0,0.0,-1.0,-3.3166247903554003,3.3166247903554003
200,0,env__plant_min_island1,0.0,0.0,0.0,,
200,0,env__plant_p10_island0,1.0,0.0,-1.0,-3.3166247903554003,3.3166247903554003
200,0,env__plant_p10_island1,0.0,0.0,0.0,,
200,0,env__plant_p25_island0,1.0,0.0,-1.0,-3.3166247903554003,3.3166247903554003
200,0,env__plant_p25_island1,0.0,0.0,0.0,,
200,0,env__plant_p50_island0,1.0,1.0,0.0,,
200,0,env__plant_p50_island1,0.0,1.0,1.0,3.3166247903554,3.3166247903554
200,0,env__plant_p75_island0,1.0,1.0,0.0,,
200,0,env__plant_p75_island1,0.0,1.0,1.0,3.3166247903554,3.3166247903554
200,0,env__plant_p90_island0,1.0,1.0,0.0,,
200,0,env__plant_p90_island1,0.0,1.0,1.0,3.3166247903554,3.3166247903554
200,0,env__plant_std_island0,0.0,0.4634236345571665,0.4634236345571665,3.432815466178109,3.432815466178109
200,0,env__plant_std_island1,0.0,0.477724818034395,0.477724818034395,3.2396256503333865,3.2396256503333865
200,0,env__sun_max_island0,0.9994750022888184,0.9994750022888184,0.0,,
200,0,env__sun_max_island1,0.9938310980796814,0.4828416705131531,-0.5109894275665283,-3.4249512750322437,3.4249512750322437
200,0,env__sun_mean_island0,0.4992347999147354,0.7135149736153452,0.2142801737006098,3.3385489279925054,3.3385489279925054
200,0,env__sun_mean_island1,0.4854807201221849,0.2199648043657714,-0.26551591575641353,-3.3439907341499793,3.3439907341499793
200,0,env__sun_min_island0,0.0105215311050415,0.4234471917152405,0.412925660610199,3.4669709551751127,3.4669709551751127
200,0,env__sun_min_island1,0.0075133442878723,0.0075133442878723,0.0,,
200,0,env__sun_p10_island0,0.0861240267753601,0.5055813789367676,0.41945735216140745,3.324478164227605,3.324478164227605
200,0,env__sun_p10_island1,0.1061760663986206,0.0472491264343261,-0.058926939964294496,-3.3184150950758853,3.3184150950758853
200,0,env__sun_p25_island0,0.2695931196212768,0.5713297724723816,0.3017366528511048,3.328678339303773,3.328678339303773
200,0,env__sun_p25_island1,0.2485613822937011,0.1014928221702575,-0.1470685601234436,-3.3168103702052747,3.3168103702052747
200,0,env__sun_p50_island0,0.5137163400650024,0.7164892554283142,0.20277291536331177,3.310263461259877,3.310263461259877
200,0,env__sun_p50_island1,0.4673690795898437,0.2372906804084777,-0.230078399181366,-3.3130527118438633,3.3130527118438633
200,0,env__sun_p75_island0,0.739905834197998,0.8492171168327332,0.10931128263473511,3.3284126210932072,3.3284126210932072
200,0,env__sun_p75_island1,0.7300479412078857,0.3288189172744751,-0.40122902393341064,-3.3167134654062904,3.3167134654062904
200,0,env__sun_p90_island0,0.8839861035346985,0.9398048281669616,0.05581872463226312,3.316134427371509,3.316134427371509
200,0,env__sun_p90_island1,0.8893880963325501,0.3935907959938049,-0.4957973003387452,-3.3082598547746396,3.3082598547746396
200,0,env__sun_std_island0,0.2834259767508612,0.1587947077054809,-0.12463126904538027,-3.3861721568467895,3.3861721568467895
200,0,env__sun_std_island1,0.2883870030183479,0.1270439869523951,-0.1613430160659528,-3.3925208674881775,3.3925208674881775
200,0,env__water_max_island0,0.9975926876068116,0.9910451769828796,-0.006547510623931996,-1.5794416664558868,1.5794416664558868
200,0,env__water_max_island1,0.9998987317085266,0.9998987317085266,0.0,,
200,0,env__water_mean_island0,0.5079875875144936,0.5026714264300831,-0.0053161610844104645,-0.9318785800246562,0.9318785800246562
200,0,env__water_mean_island1,0.5045703392057024,0.5121179440998296,0.007547604894127202,1.0513808056250986,1.0513808056250986
200,0,env__water_min_island0,0.0023146271705627,0.0019280910491943,-0.00038653612136839996,-3.3166247903553994,3.3166247903553994
200,0,env__water_min_island1,0.0019280910491943,0.0100172162055969,0.0080891251564026,2.7528029760477826,2.7528029760477826
200,0,env__water_p10_island0,0.121162474155426,0.1266654014587402,0.005502927303314198,0.628601460746818,0.628601460746818
200,0,env__water_p10_island1,0.1072283744812011,0.1154633522033691,0.00823497772216801,1.0316277070477489,1.0316277070477489
200,0,env__water_p25_island0,0.2597976922988891,0.2659744620323181,0.006176769733429011,0.5763915798239171,0.5763915798239171
200,0,env__water_p25_island1,0.2705144882202148,0.266745001077652,-0.0037694871425628107,-0.42230026789934155,0.42230026789934155
200,0,env__water_p50_island0,0.518382728099823,0.4852808713912964,-0.03310185670852661,-3.0781302559627064,3.0781302559627064
200,0,env__water_p50_island1,0.4923883080482483,0.5561546683311462,0.06376636028289795,3.349461236704421,3.349461236704421
200,0,env__water_p75_island0,0.7642202377319336,0.776055634021759,0.01183539628982544,3.531506903799362,3.531506903799362
200,0,env__water_p75_island1,0.7515642642974854,0.7291173040866852,-0.02244696021080017,-3.125935975941611,3.125935975941611
200,0,env__water_p90_island0,0.9089372277259828,0.9007914066314696,-0.008145821094513228,-2.3169001573231816,2.3169001573231816
200,0,env__water_p90_island1,0.8898218035697937,0.910742211341858,0.020920407772064276,3.103450864067771,3.103450864067771
200,0,env__water_std_island0,0.2885771869047318,0.2868956963964166,-0.0016814905083151754,-1.0921128536181965,1.0921128536181965
200,0,env__water_std_island1,0.2801771365743371,0.2844133830283571,0.004236246454019987,1.7248558243934446,1.7248558243934446
200,0,env__plant_mean_diff_0_minus_1,1.0,0.04014220573460081,-0.9598577942653992,-3.594844098982872,3.594844098982872
200,0,env__plant_std_diff_0_minus_1,0.0,-0.014301183477228474,-0.014301183477228474,-0.896858199552305,0.896858199552305
200,0,env__plant_min_diff_0_minus_1,1.0,0.0,-1.0,-3.3166247903554003,3.3166247903554003
200,0,env__plant_p10_diff_0_minus_1,1.0,0.0,-1.0,-3.3166247903554003,3.3166247903554003
200,0,env__plant_p25_diff_0_minus_1,1.0,0.0,-1.0,-3.3166247903554003,3.3166247903554003
200,0,env__plant_p50_diff_0_minus_1,1.0,0.0,-1.0,-3.3166247903554003,3.3166247903554003
200,0,env__plant_p75_diff_0_minus_1,1.0,0.0,-1.0,-3.3166247903554003,3.3166247903554003
200,0,env__plant_p90_diff_0_minus_1,1.0,0.0,-1.0,-3.3166247903554003,3.3166247903554003
200,0,env__plant_max_diff_0_minus_1,1.0,0.0,-1.0,-3.3166247903554003,3.3166247903554003
200,0,env__sun_mean_diff_0_minus_1,0.0137540797925505,0.49355016924957384,0.47979608945702334,3.342445291412402,3.342445291412402
200,0,env__sun_std_diff_0_minus_1,-0.0049610262674867345,0.0317507207530858,0.03671174702057253,3.35873774620706,3.35873774620706
200,0,env__sun_min_diff_0_minus_1,0.0030081868171692007,0.41593384742736816,0.412925660610199,3.4669709551751127,3.4669709551751127
200,0,env__sun_p10_diff_0_minus_1,-0.020052039623260492,0.4583322525024415,0.478384292125702,3.3239496816543976,3.3239496816543976
200,0,env__sun_p25_diff_0_minus_1,0.02103173732757571,0.4698369503021241,0.44880521297454834,3.325535124624458,3.325535124624458
200,0,env__sun_p50_diff_0_minus_1,0.04634726047515875,0.47919857501983654,0.4328513145446778,3.3120748859939493,3.3120748859939493
200,0,env__sun_p75_diff_0_minus_1,0.009857892990112305,0.5203981995582581,0.5105403065681458,3.319641399604796,3.319641399604796
200,0,env__sun_p90_diff_0_minus_1,-0.005401992797851585,0.5462140321731568,0.5516160249710084,3.3092035197847522,3.3092035197847522
200,0,env__sun_max_diff_0_minus_1,0.005643904209136963,0.5166333317756653,0.5109894275665283,3.4249512750322437,3.4249512750322437
200,0,env__water_mean_diff_0_minus_1,0.0034172483087911987,-0.009446517669746468,-0.012863765978537667,-0.9987414549374939,0.9987414549374939
200,0,env__water_std_diff_0_minus_1,0.008400050330394648,0.0024823133680594855,-0.005917736962335163,-1.4896490286337127,1.4896490286337127
200,0,env__water_min_diff_0_minus_1,0.00038653612136839996,-0.0080891251564026,-0.008475661277771,-2.782071984946169,2.782071984946169
200,0,env__water_p10_diff_0_minus_1,0.013934099674224903,0.011202049255371091,-0.0027320504188538125,-0.16971170413953324,0.16971170413953324
200,0,env__water_p25_diff_0_minus_1,-0.010716795921325684,-0.0007705390453338623,0.009946256875991821,0.5072998299461138,0.5072998299461138
200,0,env__water_p50_diff_0_minus_1,0.025994420051574707,-0.07087379693984985,-0.09686821699142456,-3.2613559077489818,3.2613559077489818
200,0,env__water_p75_diff_0_minus_1,0.012655973434448242,0.04693832993507385,0.03428235650062561,3.3264775764605976,3.3264775764605976
200,0,env__water_p90_diff_0_minus_1,0.019115424156189165,-0.009950804710388339,-0.029066228866577504,-2.871345032910482,2.871345032910482
200,0,env__water_max_diff_0_minus_1,-0.002306044101714977,-0.008853554725646973,-0.006547510623931996,-1.5794416664558866,1.5794416664558866
200,0,env__err_abs_mean_diff_0_minus_1,0.2585973230464813,-0.0380674521017778,-0.2966647751482591,-3.5367917846608363,3.5367917846608363
200,0,env__err_abs_std_diff_0_minus_1,0.098747113862195,-0.056340666334842,-0.155087780197037,-3.6882342087171094,3.6882342087171094
200,0,env__err_abs_min_diff_0_minus_1,0.0054346323013305,0.0,-0.0054346323013305,-3.3166247903554,3.3166247903554
200,0,env__err_abs_p10_diff_0_minus_1,0.1026704788208008,0.0,-0.1026704788208008,-3.3166247903553994,3.3166247903553994
200,0,env__err_abs_p25_diff_0_minus_1,0.2113866209983825,0.0,-0.2113866209983825,-3.3166247903554,3.3166247903554
200,0,env__err_abs_p50_diff_0_minus_1,0.2762588858604431,-0.020837485790252696,-0.2970963716506958,-3.575991810876031,3.575991810876031
200,0,env__err_abs_p75_diff_0_minus_1,0.324873611330986,-0.055394560098648106,-0.38026817142963415,-3.583324971594293,3.583324971594293
200,0,env__err_abs_p90_diff_0_minus_1,0.3578719139099121,-0.10229198932647711,-0.46016390323638917,-3.5954260143759207,3.5954260143759207
200,0,env__err_abs_max_diff_0_minus_1,0.6349954009056091,-0.4347414374351502,-1.0697368383407593,-3.896413306465196,3.896413306465196
200,0,env__err_signed_mean_diff_0_minus_1,-0.2317065822487322,0.019047887222652,0.2507544694713842,3.5884548603612703,3.5884548603612703
200,0,env__err_signed_std_diff_0_minus_1,0.1514451310723821,-0.0692516377590959,-0.220696768831478,-3.7064832673032875,3.7064832673032875
200,0,env__err_signed_min_diff_0_minus_1,-0.4436671137809753,0.171428382396698,0.6150954961776733,3.3370438426078284,3.3370438426078284
200,0,env__err_signed_p10_diff_0_minus_1,-0.3541429877281189,0.1022482037544251,0.45639119148254403,3.7799924806975653,3.7799924806975653
200,0,env__err_signed_p25_diff_0_minus_1,-0.3205115795135498,0.0553771257400512,0.375888705253601,3.789595562759344,3.789595562759344
200,0,env__err_signed_p50_diff_0_minus_1,-0.2698037624359131,0.0,0.2698037624359131,3.3162714953424453,3.3162714953424453
200,0,env__err_signed_p75_diff_0_minus_1,-0.203702837228775,0.0252590775489807,0.22896191477775568,3.586516433718275,3.586516433718275
200,0,env__err_signed_p90_diff_0_minus_1,-0.0485546588897705,-0.024281370639801,0.0242732882499695,1.525778580099689,1.525778580099689
200,0,env__err_signed_max_diff_0_minus_1,0.6349954009056091,-0.4445339441299439,-1.079529345035553,-3.7956902294458,3.7956902294458
200,0,prof__attn_mass_0_2_island0,0.4320507645606994,0.5143835544586182,0.08233278989791876,1.1577912452495787,1.1577912452495787
200,0,prof__attn_mass_0_2_island1,0.4313357472419739,0.3786133527755737,-0.0527223944664002,-1.782105729247654,1.782105729247654
200,0,prof__attn_mass_3_5_island0,0.4256836771965027,0.452087938785553,0.026404261589050293,0.29802370482550694,0.29802370482550694
200,0,prof__attn_mass_3_5_island1,0.4263172447681427,0.5962338447570801,0.16991659998893738,2.794457919690622,2.794457919690622
200,0,prof__attn_mass_6_island0,0.1422656178474426,0.0335283912718296,-0.108737226575613,-3.226536036371952,3.226536036371952
200,0,prof__attn_mass_6_island1,0.1423470973968505,0.0251528285443782,-0.1171942688524723,-3.432232424986169,3.432232424986169
200,0,prof__attn_mean_0_island0,0.144348993897438,0.1721101552248001,0.027761161327362116,1.214265309359576,1.214265309359576
200,0,prof__attn_mean_0_island1,0.1434528082609176,0.1280648112297058,-0.015387997031211798,-2.0349901950917957,2.0349901950917957
200,0,prof__attn_mean_1_island0,0.1438468694686889,0.1728136390447616,0.028966769576072693,1.2368712186685196,1.2368712186685196
200,0,prof__attn_mean_1_island1,0.1439322531223297,0.12368044257164,-0.02025181055068971,-1.5593958040024478,1.5593958040024478
200,0,prof__attn_mean_2_island0,0.1438549309968948,0.1694597750902176,0.02560484409332278,1.029882764764575,1.029882764764575
200,0,prof__attn_mean_2_island1,0.1439507007598877,0.1268680989742279,-0.01708260178565979,-1.8545017335428342,1.8545017335428342
200,0,prof__attn_mean_3_island0,0.1425510942935943,0.1046167314052581,-0.03793436288833621,-1.915991726038532,1.915991726038532
200,0,prof__attn_mean_3_island1,0.1428613364696502,0.2075513899326324,0.06469005346298218,2.6462797700381815,2.6462797700381815
200,0,prof__attn_mean_4_island0,0.1434829533100128,0.2454237341880798,0.10194078087806702,1.5152411566577417,1.5152411566577417
200,0,prof__attn_mean_4_island1,0.142591506242752,0.1825318485498428,0.039940342307090815,1.343466044183912,1.343466044183912
200,0,prof__attn_mean_5_island0,0.1396496444940567,0.1020474731922149,-0.037602171301841805,-1.6236504666449156,1.6236504666449156
200,0,prof__attn_mean_5_island1,0.1408644020557403,0.2061505913734436,0.0652861893177033,3.1289495447946933,3.1289495447946933
200,0,prof__attn_mean_6_island0,0.1422656178474426,0.0335283912718296,-0.108737226575613,-3.226536036371952,3.226536036371952
200,0,prof__attn_mean_6_island1,0.1423470973968505,0.0251528285443782,-0.1171942688524723,-3.432232424986169,3.432232424986169
200,0,prof__corr_y_mix_true_island0,0.6890279650688171,0.9953948855400084,0.3063669204711913,3.3265851302200944,3.3265851302200944
200,0,prof__corr_y_mix_true_island1,0.0,0.9615703821182252,0.9615703821182252,3.263418272806733,3.263418272806733
200,0,prof__delta_plant_mean_island0,0.6679152846336365,0.6804510354995728,0.01253575086593628,0.8438595783178422,0.8438595783178422
200,0,prof__delta_plant_mean_island1,0.0,0.5141086578369141,0.5141086578369141,3.510049821620598,3.510049821620598
200,0,prof__delta_ratio_sun_over_plant_island0,0.0059763820937813,0.3696367015477695,0.3636603194539882,2.2776918915302176,2.2776918915302176
200,0,prof__delta_ratio_sun_over_plant_island1,0.0,0.2142637523202067,0.2142637523202067,1.5464988879048687,1.5464988879048687
200,0,prof__delta_sun_mean_island0,0.0039917170070111,0.2515196800231933,0.2475279630161822,2.1856871110503695,2.1856871110503695
200,0,prof__delta_sun_mean_island1,0.0,0.11015485227108,0.11015485227108,1.6554636051334417,1.6554636051334417
200,0,prof__y_mix_mean_island0,0.6679152846336365,0.6804510354995728,0.01253575086593628,0.8438595783178422,0.8438595783178422
200,0,prof__y_mix_mean_island1,0.0,0.5141086578369141,0.5141086578369141,3.510049821620598,3.510049821620598
200,0,prof__y_mix_std_island0,0.0022899822797626,0.4587669372558594,0.45647695497609675,3.4840532855947246,3.4840532855947246
200,0,prof__y_mix_std_island1,0.0,0.3888257443904876,0.3888257443904876,3.1857973731206273,3.1857973731206273
200,0,prof__y_sem_mean_island0,0.5453217029571533,0.7272180318832397,0.18189632892608643,3.2077774666790497,3.2077774666790497
200,0,prof__y_sem_mean_island1,0.0,0.3670622706413269,0.3670622706413269,2.6519946256442894,2.6519946256442894
200,0,prof__y_stat_mean_island0,0.7905088663101196,0.6336840391159058,-0.15682482719421387,-4.1327967341950105,4.1327967341950105
200,0,prof__y_stat_mean_island1,0.0,0.6611549258232117,0.6611549258232117,3.903176766677592,3.903176766677592
200,0,prof__y_mix_mean_diff_0_minus_1,0.6679152846336365,0.1663423776626587,-0.5015729069709778,-3.6543081763830516,3.6543081763830516
200,0,prof__y_mix_std_diff_0_minus_1,0.0022899822797626,0.06994119286537176,0.06765121058560916,3.786658192324222,3.786658192324222
200,0,prof__corr_y_mix_true_diff_0_minus_1,0.6890279650688171,0.033824503421783225,-0.6552034616470339,-3.234019136818408,3.234019136818408
200,0,prof__y_stat_mean_diff_0_minus_1,0.7905088663101196,-0.027470886707305908,-0.8179797530174255,-3.951630722555791,3.951630722555791
200,0,prof__y_sem_mean_diff_0_minus_1,0.5453217029571533,0.36015576124191284,-0.18516594171524048,-2.130106425949785,2.130106425949785
200,0,prof__delta_sun_mean_diff_0_minus_1,0.0039917170070111,0.1413648277521133,0.1373731107451022,2.8333824936146317,2.8333824936146317
200,0,prof__delta_plant_mean_diff_0_minus_1,0.6679152846336365,0.1663423776626587,-0.5015729069709778,-3.6543081763830516,3.6543081763830516
200,0,prof__delta_ratio_sun_over_plant_diff_0_minus_1,0.0059763820937813,0.1553729492275628,0.14939656713378152,4.308098368250454,4.308098368250454
200,0,prof__attn_mean_0_diff_0_minus_1,0.0008961856365203857,0.0440453439950943,0.043149158358573914,2.1911227487098195,2.1911227487098195
200,0,prof__attn_mean_1_diff_0_minus_1,-8.538365364080258e-05,0.0491331964731216,0.049218580126762404,2.973195009614308,2.973195009614308
200,0,prof__attn_mean_2_diff_0_minus_1,-9.576976299288664e-05,0.042591676115989685,0.04268744587898257,2.1401180578996075,2.1401180578996075
200,0,prof__attn_mean_3_diff_0_minus_1,-0.0003102421760559082,-0.1029346585273743,-0.10262441635131839,-2.7265454074229893,2.7265454074229893
200,0,prof__attn_mean_4_diff_0_minus_1,0.0008914470672607977,0.062891885638237,0.0620004385709762,1.1969891965603852,1.1969891965603852
200,0,prof__attn_mean_5_diff_0_minus_1,-0.0012147575616835993,-0.10410311818122871,-0.10288836061954511,-3.1497008203889387,3.1497008203889387
200,0,prof__attn_mean_6_diff_0_minus_1,-8.147954940790347e-05,0.008375562727451397,0.0084570422768593,2.4523819184992384,2.4523819184992384
200,0,prof__attn_mass_0_2_diff_0_minus_1,0.0007150173187255304,0.1357702016830445,0.13505518436431896,2.422018330105895,2.422018330105895
200,0,prof__attn_mass_3_5_diff_0_minus_1,-0.0006335675716400146,-0.1441459059715271,-0.14351233839988708,-2.427013007815752,2.427013007815752
200,0,prof__attn_mass_6_diff_0_minus_1,-8.147954940790347e-05,0.008375562727451397,0.0084570422768593,2.4523819184992384,2.4523819184992384
200,0,threshold,0.1292986571788787,0.0498880045488476,-0.07941065263003111,-2.9828389846850882,2.9828389846850882
200,0,threshold_prev,,0.1292986571788787,,,
200,0,threshold_diff,,-0.0794106526300311,,,
